Fecha,Categoría de dispositivo,Número de vistas de página
28 may 2018,mobile,167
28 may 2018,tablet,1
28 may 2018,desktop,340
29 may 2018,mobile,367
29 may 2018,desktop,638
29 may 2018,tablet,2
30 may 2018,mobile,303
30 may 2018,tablet,1
30 may 2018,desktop,696
31 may 2018,tablet,1
31 may 2018,mobile,295
31 may 2018,desktop,1193
1 jun 2018,desktop,777
1 jun 2018,mobile,414
1 jun 2018,tablet,2
2 jun 2018,mobile,492
2 jun 2018,desktop,393
2 jun 2018,tablet,5
3 jun 2018,desktop,243
3 jun 2018,mobile,311
3 jun 2018,tablet,7
4 jun 2018,mobile,400
4 jun 2018,desktop,959
4 jun 2018,tablet,11
5 jun 2018,desktop,1000
5 jun 2018,mobile,378
5 jun 2018,tablet,10
6 jun 2018,mobile,308
6 jun 2018,tablet,1
6 jun 2018,desktop,677
7 jun 2018,tablet,8
7 jun 2018,mobile,356
7 jun 2018,desktop,682
8 jun 2018,desktop,643
8 jun 2018,mobile,281
8 jun 2018,tablet,6
9 jun 2018,tablet,4
9 jun 2018,mobile,482
9 jun 2018,desktop,321
10 jun 2018,desktop,259
10 jun 2018,tablet,4
10 jun 2018,mobile,256
11 jun 2018,desktop,1207
11 jun 2018,mobile,528
11 jun 2018,tablet,7
12 jun 2018,desktop,1501
12 jun 2018,tablet,17
12 jun 2018,mobile,996
13 jun 2018,mobile,810
13 jun 2018,tablet,35
13 jun 2018,desktop,1421
14 jun 2018,desktop,724
14 jun 2018,tablet,5
14 jun 2018,mobile,310
15 jun 2018,desktop,464
15 jun 2018,mobile,277
15 jun 2018,tablet,4
16 jun 2018,mobile,137
16 jun 2018,desktop,121
16 jun 2018,tablet,4
17 jun 2018,desktop,188
17 jun 2018,mobile,129
18 jun 2018,mobile,238
18 jun 2018,tablet,12
18 jun 2018,desktop,731
19 jun 2018,desktop,586
19 jun 2018,tablet,6
19 jun 2018,mobile,269
20 jun 2018,mobile,225
20 jun 2018,desktop,332
20 jun 2018,tablet,1
21 jun 2018,mobile,205
21 jun 2018,tablet,2
21 jun 2018,desktop,491
22 jun 2018,desktop,441
22 jun 2018,mobile,287
22 jun 2018,tablet,1
23 jun 2018,desktop,203
23 jun 2018,mobile,146
23 jun 2018,tablet,7
24 jun 2018,tablet,3
24 jun 2018,mobile,198
24 jun 2018,desktop,187
25 jun 2018,tablet,3
25 jun 2018,mobile,270
25 jun 2018,desktop,461
26 jun 2018,mobile,215
26 jun 2018,tablet,7
26 jun 2018,desktop,565
27 jun 2018,desktop,585
27 jun 2018,tablet,1
27 jun 2018,mobile,263
28 jun 2018,tablet,2
28 jun 2018,mobile,316
28 jun 2018,desktop,505
29 jun 2018,desktop,557
29 jun 2018,mobile,270
30 jun 2018,mobile,146
30 jun 2018,desktop,220
30 jun 2018,tablet,1
1 jul 2018,mobile,148
1 jul 2018,desktop,253
1 jul 2018,tablet,7
2 jul 2018,mobile,411
2 jul 2018,tablet,2
2 jul 2018,desktop,648
3 jul 2018,tablet,3
3 jul 2018,mobile,339
3 jul 2018,desktop,570
4 jul 2018,mobile,381
4 jul 2018,desktop,594
5 jul 2018,mobile,328
5 jul 2018,desktop,620
6 jul 2018,mobile,330
6 jul 2018,tablet,20
6 jul 2018,desktop,493
7 jul 2018,mobile,219
7 jul 2018,tablet,7
7 jul 2018,desktop,220
8 jul 2018,desktop,197
8 jul 2018,mobile,176
9 jul 2018,mobile,293
9 jul 2018,tablet,1
9 jul 2018,desktop,204
10 jul 2018,mobile,251
10 jul 2018,desktop,391
10 jul 2018,tablet,2
11 jul 2018,desktop,274
11 jul 2018,tablet,8
11 jul 2018,mobile,243
12 jul 2018,desktop,288
12 jul 2018,tablet,2
12 jul 2018,mobile,225
13 jul 2018,mobile,186
13 jul 2018,tablet,8
13 jul 2018,desktop,211
14 jul 2018,tablet,2
14 jul 2018,mobile,249
14 jul 2018,desktop,152
15 jul 2018,tablet,6
15 jul 2018,mobile,161
15 jul 2018,desktop,133
16 jul 2018,mobile,240
16 jul 2018,tablet,7
16 jul 2018,desktop,281
17 jul 2018,mobile,218
17 jul 2018,tablet,1
17 jul 2018,desktop,296
18 jul 2018,tablet,10
18 jul 2018,mobile,200
18 jul 2018,desktop,338
19 jul 2018,desktop,272
19 jul 2018,tablet,5
19 jul 2018,mobile,229
20 jul 2018,tablet,11
20 jul 2018,desktop,181
20 jul 2018,mobile,155
21 jul 2018,desktop,118
21 jul 2018,mobile,160
21 jul 2018,tablet,1
22 jul 2018,tablet,2
22 jul 2018,desktop,161
22 jul 2018,mobile,213
23 jul 2018,tablet,1
23 jul 2018,mobile,333
23 jul 2018,desktop,540
24 jul 2018,mobile,322
24 jul 2018,desktop,652
24 jul 2018,tablet,13
25 jul 2018,desktop,574
25 jul 2018,tablet,2
25 jul 2018,mobile,299
26 jul 2018,desktop,593
26 jul 2018,mobile,398
26 jul 2018,tablet,8
27 jul 2018,mobile,381
27 jul 2018,desktop,754
27 jul 2018,tablet,6
28 jul 2018,desktop,193
28 jul 2018,mobile,259
28 jul 2018,tablet,1
29 jul 2018,mobile,245
29 jul 2018,desktop,152
29 jul 2018,tablet,3
30 jul 2018,tablet,11
30 jul 2018,desktop,808
30 jul 2018,mobile,721
31 jul 2018,mobile,464
31 jul 2018,desktop,781
31 jul 2018,tablet,2
1 ago 2018,desktop,530
1 ago 2018,mobile,468
1 ago 2018,tablet,18
2 ago 2018,desktop,695
2 ago 2018,mobile,456
2 ago 2018,tablet,8
3 ago 2018,desktop,635
3 ago 2018,mobile,286
3 ago 2018,tablet,1
4 ago 2018,tablet,3
4 ago 2018,mobile,239
4 ago 2018,desktop,166
5 ago 2018,tablet,3
5 ago 2018,mobile,271
5 ago 2018,desktop,174
6 ago 2018,mobile,363
6 ago 2018,tablet,3
6 ago 2018,desktop,730
7 ago 2018,mobile,468
7 ago 2018,tablet,12
7 ago 2018,desktop,796
8 ago 2018,mobile,364
8 ago 2018,tablet,6
8 ago 2018,desktop,709
9 ago 2018,tablet,1
9 ago 2018,desktop,679
9 ago 2018,mobile,298
10 ago 2018,mobile,259
10 ago 2018,desktop,533
10 ago 2018,tablet,19
11 ago 2018,desktop,217
11 ago 2018,mobile,185
11 ago 2018,tablet,5
12 ago 2018,mobile,204
12 ago 2018,tablet,1
12 ago 2018,desktop,243
13 ago 2018,tablet,11
13 ago 2018,mobile,414
13 ago 2018,desktop,907
14 ago 2018,tablet,6
14 ago 2018,mobile,367
14 ago 2018,desktop,858
15 ago 2018,mobile,392
15 ago 2018,desktop,664
15 ago 2018,tablet,2
16 ago 2018,tablet,2
16 ago 2018,mobile,936
16 ago 2018,desktop,714
17 ago 2018,tablet,1
17 ago 2018,desktop,416
17 ago 2018,mobile,441
18 ago 2018,desktop,156
18 ago 2018,tablet,5
18 ago 2018,mobile,212
19 ago 2018,tablet,4
19 ago 2018,mobile,246
19 ago 2018,desktop,211
20 ago 2018,tablet,8
20 ago 2018,desktop,359
20 ago 2018,mobile,342
21 ago 2018,tablet,4
21 ago 2018,mobile,525
21 ago 2018,desktop,771
22 ago 2018,desktop,673
22 ago 2018,mobile,571
22 ago 2018,tablet,11
23 ago 2018,mobile,457
23 ago 2018,desktop,760
24 ago 2018,desktop,679
24 ago 2018,mobile,478
24 ago 2018,tablet,10
25 ago 2018,desktop,254
25 ago 2018,tablet,5
25 ago 2018,mobile,375
26 ago 2018,tablet,1
26 ago 2018,mobile,309
26 ago 2018,desktop,254
27 ago 2018,desktop,816
27 ago 2018,mobile,473
27 ago 2018,tablet,7
28 ago 2018,mobile,489
28 ago 2018,desktop,851
28 ago 2018,tablet,7
29 ago 2018,tablet,3
29 ago 2018,desktop,587
29 ago 2018,mobile,405
30 ago 2018,desktop,599
30 ago 2018,mobile,352
30 ago 2018,tablet,1
31 ago 2018,tablet,2
31 ago 2018,desktop,551
31 ago 2018,mobile,479
1 sept 2018,tablet,4
1 sept 2018,mobile,222
1 sept 2018,desktop,217
2 sept 2018,tablet,10
2 sept 2018,mobile,302
2 sept 2018,desktop,244
3 sept 2018,desktop,671
3 sept 2018,mobile,389
3 sept 2018,tablet,20
4 sept 2018,desktop,557
4 sept 2018,mobile,413
4 sept 2018,tablet,10
5 sept 2018,mobile,405
5 sept 2018,desktop,556
5 sept 2018,tablet,1
6 sept 2018,mobile,361
6 sept 2018,desktop,578
6 sept 2018,tablet,7
7 sept 2018,mobile,655
7 sept 2018,desktop,534
7 sept 2018,tablet,9
8 sept 2018,tablet,1
8 sept 2018,mobile,302
8 sept 2018,desktop,133
9 sept 2018,desktop,64
9 sept 2018,mobile,65
9 sept 2018,tablet,7
10 sept 2018,tablet,10
10 sept 2018,mobile,321
10 sept 2018,desktop,670
11 sept 2018,mobile,392
11 sept 2018,tablet,1
11 sept 2018,desktop,838
12 sept 2018,mobile,390
12 sept 2018,desktop,612
12 sept 2018,tablet,8
13 sept 2018,desktop,515
13 sept 2018,tablet,2
13 sept 2018,mobile,332
14 sept 2018,desktop,527
14 sept 2018,mobile,321
14 sept 2018,tablet,2
15 sept 2018,mobile,247
15 sept 2018,desktop,184
15 sept 2018,tablet,4
16 sept 2018,desktop,152
16 sept 2018,tablet,4
16 sept 2018,mobile,284
17 sept 2018,tablet,1
17 sept 2018,desktop,674
17 sept 2018,mobile,489
18 sept 2018,tablet,3
18 sept 2018,desktop,654
18 sept 2018,mobile,621
19 sept 2018,tablet,1
19 sept 2018,mobile,542
19 sept 2018,desktop,553
20 sept 2018,desktop,489
20 sept 2018,mobile,395
20 sept 2018,tablet,2
21 sept 2018,desktop,392
21 sept 2018,mobile,439
21 sept 2018,tablet,2
22 sept 2018,desktop,128
22 sept 2018,mobile,362
22 sept 2018,tablet,4
23 sept 2018,desktop,178
23 sept 2018,mobile,234
23 sept 2018,tablet,4
24 sept 2018,mobile,441
24 sept 2018,tablet,6
24 sept 2018,desktop,531
25 sept 2018,tablet,4
25 sept 2018,desktop,529
25 sept 2018,mobile,358
26 sept 2018,mobile,374
26 sept 2018,tablet,3
26 sept 2018,desktop,683
27 sept 2018,tablet,5
27 sept 2018,mobile,390
27 sept 2018,desktop,527
28 sept 2018,tablet,1
28 sept 2018,mobile,362
28 sept 2018,desktop,412
29 sept 2018,desktop,114
29 sept 2018,tablet,3
29 sept 2018,mobile,204
30 sept 2018,desktop,281
30 sept 2018,tablet,10
30 sept 2018,mobile,265
1 oct 2018,mobile,495
1 oct 2018,tablet,4
1 oct 2018,desktop,674
2 oct 2018,mobile,476
2 oct 2018,tablet,3
2 oct 2018,desktop,563
3 oct 2018,tablet,2
3 oct 2018,desktop,714
3 oct 2018,mobile,428
4 oct 2018,mobile,361
4 oct 2018,desktop,545
5 oct 2018,desktop,438
5 oct 2018,mobile,256
5 oct 2018,tablet,6
6 oct 2018,desktop,210
6 oct 2018,mobile,259
7 oct 2018,desktop,263
7 oct 2018,mobile,286
8 oct 2018,desktop,703
8 oct 2018,mobile,455
9 oct 2018,desktop,623
9 oct 2018,tablet,2
9 oct 2018,mobile,417
10 oct 2018,mobile,596
10 oct 2018,desktop,616
10 oct 2018,tablet,6
11 oct 2018,mobile,406
11 oct 2018,desktop,616
11 oct 2018,tablet,6
12 oct 2018,desktop,427
12 oct 2018,tablet,5
12 oct 2018,mobile,346
13 oct 2018,tablet,6
13 oct 2018,mobile,266
13 oct 2018,desktop,200
14 oct 2018,desktop,202
14 oct 2018,tablet,3
14 oct 2018,mobile,219
15 oct 2018,tablet,5
15 oct 2018,desktop,437
15 oct 2018,mobile,380
16 oct 2018,tablet,4
16 oct 2018,desktop,744
16 oct 2018,mobile,499
17 oct 2018,tablet,2
17 oct 2018,desktop,684
17 oct 2018,mobile,497
18 oct 2018,tablet,4
18 oct 2018,desktop,613
18 oct 2018,mobile,457
19 oct 2018,tablet,2
19 oct 2018,desktop,509
19 oct 2018,mobile,488
20 oct 2018,desktop,182
20 oct 2018,tablet,2
20 oct 2018,mobile,239
21 oct 2018,mobile,276
21 oct 2018,desktop,232
22 oct 2018,desktop,801
22 oct 2018,tablet,15
22 oct 2018,mobile,525
23 oct 2018,tablet,18
23 oct 2018,desktop,646
23 oct 2018,mobile,454
24 oct 2018,desktop,519
24 oct 2018,mobile,509
24 oct 2018,tablet,7
25 oct 2018,tablet,1
25 oct 2018,mobile,521
25 oct 2018,desktop,700
26 oct 2018,tablet,10
26 oct 2018,mobile,621
26 oct 2018,desktop,611
27 oct 2018,tablet,1
27 oct 2018,desktop,213
27 oct 2018,mobile,285
28 oct 2018,desktop,256
28 oct 2018,tablet,5
28 oct 2018,mobile,288
29 oct 2018,desktop,772
29 oct 2018,mobile,754
29 oct 2018,tablet,13
30 oct 2018,mobile,481
30 oct 2018,tablet,2
30 oct 2018,desktop,669
31 oct 2018,desktop,421
31 oct 2018,mobile,366
1 nov 2018,tablet,8
1 nov 2018,mobile,565
1 nov 2018,desktop,730
2 nov 2018,mobile,448
2 nov 2018,tablet,3
2 nov 2018,desktop,627
3 nov 2018,desktop,229
3 nov 2018,mobile,357
4 nov 2018,mobile,404
4 nov 2018,desktop,317
4 nov 2018,tablet,2
5 nov 2018,tablet,5
5 nov 2018,desktop,789
5 nov 2018,mobile,530
6 nov 2018,desktop,650
6 nov 2018,tablet,16
6 nov 2018,mobile,569
7 nov 2018,mobile,541
7 nov 2018,desktop,481
7 nov 2018,tablet,4
8 nov 2018,tablet,1
8 nov 2018,desktop,536
8 nov 2018,mobile,494
9 nov 2018,tablet,2
9 nov 2018,mobile,435
9 nov 2018,desktop,612
10 nov 2018,tablet,1
10 nov 2018,mobile,262
10 nov 2018,desktop,234
11 nov 2018,desktop,280
11 nov 2018,mobile,311
11 nov 2018,tablet,6
12 nov 2018,desktop,766
12 nov 2018,mobile,492
13 nov 2018,mobile,405
13 nov 2018,desktop,645
13 nov 2018,tablet,2
14 nov 2018,tablet,3
14 nov 2018,mobile,427
14 nov 2018,desktop,531
15 nov 2018,desktop,654
15 nov 2018,mobile,385
15 nov 2018,tablet,6
16 nov 2018,tablet,3
16 nov 2018,mobile,414
16 nov 2018,desktop,506
17 nov 2018,desktop,196
17 nov 2018,mobile,335
18 nov 2018,mobile,265
18 nov 2018,desktop,237
18 nov 2018,tablet,18
19 nov 2018,tablet,4
19 nov 2018,mobile,363
19 nov 2018,desktop,403
20 nov 2018,desktop,978
20 nov 2018,mobile,865
20 nov 2018,tablet,1
21 nov 2018,tablet,8
21 nov 2018,mobile,698
21 nov 2018,desktop,733
22 nov 2018,desktop,780
22 nov 2018,mobile,623
22 nov 2018,tablet,34
23 nov 2018,mobile,563
23 nov 2018,tablet,5
23 nov 2018,desktop,486
24 nov 2018,tablet,2
24 nov 2018,desktop,210
24 nov 2018,mobile,292
25 nov 2018,desktop,220
25 nov 2018,mobile,291
25 nov 2018,tablet,2
26 nov 2018,mobile,535
26 nov 2018,tablet,2
26 nov 2018,desktop,549
27 nov 2018,desktop,619
27 nov 2018,tablet,13
27 nov 2018,mobile,636
28 nov 2018,mobile,583
28 nov 2018,tablet,4
28 nov 2018,desktop,700
29 nov 2018,mobile,519
29 nov 2018,desktop,668
29 nov 2018,tablet,7
30 nov 2018,desktop,475
30 nov 2018,tablet,6
30 nov 2018,mobile,393
1 dic 2018,tablet,1
1 dic 2018,desktop,131
1 dic 2018,mobile,302
2 dic 2018,mobile,369
2 dic 2018,desktop,186
2 dic 2018,tablet,4
3 dic 2018,mobile,519
3 dic 2018,tablet,8
3 dic 2018,desktop,821
4 dic 2018,tablet,8
4 dic 2018,mobile,658
4 dic 2018,desktop,783
5 dic 2018,desktop,633
5 dic 2018,tablet,7
5 dic 2018,mobile,606
6 dic 2018,mobile,484
6 dic 2018,desktop,585
6 dic 2018,tablet,2
7 dic 2018,desktop,357
7 dic 2018,tablet,6
7 dic 2018,mobile,396
8 dic 2018,tablet,2
8 dic 2018,mobile,260
8 dic 2018,desktop,165
9 dic 2018,desktop,210
9 dic 2018,tablet,2
9 dic 2018,mobile,291
10 dic 2018,tablet,6
10 dic 2018,mobile,610
10 dic 2018,desktop,614
11 dic 2018,desktop,647
11 dic 2018,mobile,531
12 dic 2018,desktop,611
12 dic 2018,mobile,551
12 dic 2018,tablet,2
13 dic 2018,tablet,2
13 dic 2018,desktop,543
13 dic 2018,mobile,453
14 dic 2018,mobile,590
14 dic 2018,tablet,14
14 dic 2018,desktop,663
15 dic 2018,tablet,4
15 dic 2018,mobile,304
15 dic 2018,desktop,172
16 dic 2018,mobile,350
16 dic 2018,tablet,10
16 dic 2018,desktop,198
17 dic 2018,desktop,631
17 dic 2018,tablet,28
17 dic 2018,mobile,667
18 dic 2018,tablet,15
18 dic 2018,mobile,579
18 dic 2018,desktop,636
19 dic 2018,tablet,1
19 dic 2018,desktop,562
19 dic 2018,mobile,544
20 dic 2018,mobile,824
20 dic 2018,desktop,516
20 dic 2018,tablet,4
21 dic 2018,mobile,450
21 dic 2018,desktop,382
22 dic 2018,desktop,133
22 dic 2018,mobile,288
23 dic 2018,desktop,73
23 dic 2018,mobile,193
24 dic 2018,mobile,148
24 dic 2018,tablet,2
24 dic 2018,desktop,76
25 dic 2018,desktop,84
25 dic 2018,tablet,3
25 dic 2018,mobile,188
26 dic 2018,desktop,244
26 dic 2018,tablet,1
26 dic 2018,mobile,281
27 dic 2018,mobile,251
27 dic 2018,tablet,2
27 dic 2018,desktop,249
28 dic 2018,mobile,259
28 dic 2018,tablet,4
28 dic 2018,desktop,216
29 dic 2018,desktop,125
29 dic 2018,mobile,194
29 dic 2018,tablet,2
30 dic 2018,desktop,106
30 dic 2018,tablet,2
30 dic 2018,mobile,167
31 dic 2018,tablet,3
31 dic 2018,mobile,119
31 dic 2018,desktop,85
1 ene 2019,mobile,140
1 ene 2019,tablet,3
1 ene 2019,desktop,64
2 ene 2019,mobile,309
2 ene 2019,desktop,264
3 ene 2019,tablet,1
3 ene 2019,mobile,311
3 ene 2019,desktop,279
4 ene 2019,mobile,237
4 ene 2019,tablet,3
4 ene 2019,desktop,232
5 ene 2019,tablet,4
5 ene 2019,mobile,246
5 ene 2019,desktop,111
6 ene 2019,tablet,1
6 ene 2019,desktop,172
6 ene 2019,mobile,336
7 ene 2019,mobile,375
7 ene 2019,desktop,272
8 ene 2019,desktop,303
8 ene 2019,tablet,7
8 ene 2019,mobile,391
9 ene 2019,desktop,258
9 ene 2019,mobile,309
10 ene 2019,tablet,8
10 ene 2019,mobile,417
10 ene 2019,desktop,243
11 ene 2019,mobile,302
11 ene 2019,desktop,172
11 ene 2019,tablet,5
12 ene 2019,mobile,255
12 ene 2019,desktop,169
12 ene 2019,tablet,1
13 ene 2019,mobile,194
13 ene 2019,desktop,118
13 ene 2019,tablet,4
14 ene 2019,desktop,343
14 ene 2019,mobile,391
15 ene 2019,desktop,313
15 ene 2019,mobile,409
16 ene 2019,mobile,362
16 ene 2019,tablet,4
16 ene 2019,desktop,371
17 ene 2019,tablet,14
17 ene 2019,desktop,203
17 ene 2019,mobile,329
18 ene 2019,mobile,353
18 ene 2019,desktop,238
19 ene 2019,desktop,131
19 ene 2019,mobile,303
19 ene 2019,tablet,5
20 ene 2019,desktop,157
20 ene 2019,mobile,329
21 ene 2019,tablet,2
21 ene 2019,desktop,409
21 ene 2019,mobile,393
22 ene 2019,mobile,356
22 ene 2019,desktop,330
23 ene 2019,mobile,344
23 ene 2019,desktop,221
24 ene 2019,mobile,421
24 ene 2019,desktop,237
25 ene 2019,desktop,267
25 ene 2019,mobile,340
26 ene 2019,mobile,274
26 ene 2019,tablet,1
26 ene 2019,desktop,169
27 ene 2019,tablet,2
27 ene 2019,mobile,277
27 ene 2019,desktop,131
28 ene 2019,desktop,384
28 ene 2019,mobile,584
28 ene 2019,tablet,2
29 ene 2019,tablet,1
29 ene 2019,desktop,402
29 ene 2019,mobile,449
30 ene 2019,mobile,543
30 ene 2019,desktop,316
30 ene 2019,tablet,7
31 ene 2019,desktop,332
31 ene 2019,mobile,308
1 feb 2019,desktop,360
1 feb 2019,mobile,405
2 feb 2019,desktop,159
2 feb 2019,mobile,353
2 feb 2019,tablet,4
3 feb 2019,mobile,459
3 feb 2019,desktop,188
4 feb 2019,mobile,945
4 feb 2019,desktop,735
5 feb 2019,desktop,613
5 feb 2019,tablet,8
5 feb 2019,mobile,773
6 feb 2019,desktop,763
6 feb 2019,tablet,12
6 feb 2019,mobile,1288
7 feb 2019,tablet,16
7 feb 2019,desktop,1280
7 feb 2019,mobile,1336
8 feb 2019,desktop,581
8 feb 2019,mobile,1134
9 feb 2019,desktop,208
9 feb 2019,mobile,442
9 feb 2019,tablet,4
10 feb 2019,mobile,627
10 feb 2019,desktop,360
10 feb 2019,tablet,39
11 feb 2019,mobile,1179
11 feb 2019,tablet,11
11 feb 2019,desktop,907
12 feb 2019,tablet,6
12 feb 2019,desktop,900
12 feb 2019,mobile,993
13 feb 2019,mobile,942
13 feb 2019,desktop,742
13 feb 2019,tablet,5
14 feb 2019,tablet,7
14 feb 2019,desktop,730
14 feb 2019,mobile,1161
15 feb 2019,tablet,23
15 feb 2019,desktop,676
15 feb 2019,mobile,987
16 feb 2019,mobile,643
16 feb 2019,tablet,8
16 feb 2019,desktop,389
17 feb 2019,desktop,425
17 feb 2019,tablet,8
17 feb 2019,mobile,732
18 feb 2019,desktop,724
18 feb 2019,tablet,3
18 feb 2019,mobile,873
19 feb 2019,desktop,633
19 feb 2019,tablet,7
19 feb 2019,mobile,958
20 feb 2019,tablet,7
20 feb 2019,mobile,656
20 feb 2019,desktop,664
21 feb 2019,desktop,612
21 feb 2019,tablet,9
21 feb 2019,mobile,638
22 feb 2019,mobile,673
22 feb 2019,desktop,618
22 feb 2019,tablet,3
23 feb 2019,mobile,356
23 feb 2019,desktop,165
23 feb 2019,tablet,18
24 feb 2019,tablet,11
24 feb 2019,desktop,304
24 feb 2019,mobile,422
25 feb 2019,tablet,14
25 feb 2019,desktop,803
25 feb 2019,mobile,731
26 feb 2019,mobile,607
26 feb 2019,tablet,2
26 feb 2019,desktop,793
27 feb 2019,tablet,26
27 feb 2019,mobile,903
27 feb 2019,desktop,651
28 feb 2019,mobile,638
28 feb 2019,desktop,630
28 feb 2019,tablet,9
1 mar 2019,tablet,3
1 mar 2019,mobile,550
1 mar 2019,desktop,428
2 mar 2019,desktop,181
2 mar 2019,mobile,362
2 mar 2019,tablet,3
3 mar 2019,mobile,299
3 mar 2019,desktop,145
4 mar 2019,tablet,2
4 mar 2019,desktop,233
4 mar 2019,mobile,352
5 mar 2019,desktop,376
5 mar 2019,mobile,444
5 mar 2019,tablet,1
6 mar 2019,desktop,538
6 mar 2019,tablet,3
6 mar 2019,mobile,584
7 mar 2019,mobile,553
7 mar 2019,desktop,555
7 mar 2019,tablet,3
8 mar 2019,mobile,412
8 mar 2019,desktop,361
8 mar 2019,tablet,10
9 mar 2019,desktop,201
9 mar 2019,tablet,8
9 mar 2019,mobile,325
10 mar 2019,mobile,327
10 mar 2019,desktop,131
10 mar 2019,tablet,1
11 mar 2019,mobile,1530
11 mar 2019,desktop,854
11 mar 2019,tablet,2
12 mar 2019,tablet,5
12 mar 2019,mobile,903
12 mar 2019,desktop,918
13 mar 2019,tablet,2
13 mar 2019,desktop,642
13 mar 2019,mobile,622
14 mar 2019,mobile,648
14 mar 2019,tablet,5
14 mar 2019,desktop,582
15 mar 2019,tablet,3
15 mar 2019,desktop,456
15 mar 2019,mobile,579
16 mar 2019,desktop,136
16 mar 2019,mobile,301
16 mar 2019,tablet,3
17 mar 2019,tablet,3
17 mar 2019,mobile,360
17 mar 2019,desktop,211
18 mar 2019,desktop,581
18 mar 2019,mobile,526
18 mar 2019,tablet,6
19 mar 2019,desktop,382
19 mar 2019,tablet,5
19 mar 2019,mobile,385
20 mar 2019,tablet,3
20 mar 2019,desktop,695
20 mar 2019,mobile,585
21 mar 2019,mobile,552
21 mar 2019,tablet,1
21 mar 2019,desktop,607
22 mar 2019,tablet,3
22 mar 2019,mobile,402
22 mar 2019,desktop,450
23 mar 2019,tablet,1
23 mar 2019,desktop,143
23 mar 2019,mobile,292
24 mar 2019,tablet,3
24 mar 2019,desktop,151
24 mar 2019,mobile,306
25 mar 2019,desktop,737
25 mar 2019,mobile,643
25 mar 2019,tablet,2
26 mar 2019,desktop,603
26 mar 2019,tablet,6
26 mar 2019,mobile,689
27 mar 2019,desktop,619
27 mar 2019,mobile,488
27 mar 2019,tablet,3
28 mar 2019,mobile,557
28 mar 2019,desktop,529
28 mar 2019,tablet,3
29 mar 2019,desktop,433
29 mar 2019,mobile,471
29 mar 2019,tablet,2
30 mar 2019,mobile,322
30 mar 2019,desktop,178
30 mar 2019,tablet,1
31 mar 2019,desktop,240
31 mar 2019,tablet,13
31 mar 2019,mobile,285
1 abr 2019,desktop,591
1 abr 2019,mobile,369
1 abr 2019,tablet,5
2 abr 2019,mobile,335
2 abr 2019,desktop,335
2 abr 2019,tablet,5
3 abr 2019,mobile,403
3 abr 2019,tablet,13
3 abr 2019,desktop,607
4 abr 2019,desktop,585
4 abr 2019,tablet,17
4 abr 2019,mobile,442
5 abr 2019,desktop,468
5 abr 2019,mobile,350
6 abr 2019,tablet,3
6 abr 2019,desktop,187
6 abr 2019,mobile,232
7 abr 2019,tablet,2
7 abr 2019,desktop,184
7 abr 2019,mobile,226
8 abr 2019,tablet,3
8 abr 2019,mobile,362
8 abr 2019,desktop,515
9 abr 2019,tablet,3
9 abr 2019,mobile,342
9 abr 2019,desktop,446
10 abr 2019,tablet,2
10 abr 2019,desktop,538
10 abr 2019,mobile,355
11 abr 2019,desktop,547
11 abr 2019,tablet,18
11 abr 2019,mobile,442
12 abr 2019,desktop,392
12 abr 2019,mobile,318
13 abr 2019,desktop,200
13 abr 2019,mobile,270
13 abr 2019,tablet,3
14 abr 2019,mobile,235
14 abr 2019,tablet,2
14 abr 2019,desktop,159
15 abr 2019,desktop,470
15 abr 2019,tablet,12
15 abr 2019,mobile,429
16 abr 2019,mobile,433
16 abr 2019,tablet,8
16 abr 2019,desktop,460
17 abr 2019,desktop,308
17 abr 2019,mobile,250
17 abr 2019,tablet,3
18 abr 2019,mobile,93
18 abr 2019,desktop,61
19 abr 2019,mobile,192
19 abr 2019,tablet,1
19 abr 2019,desktop,162
20 abr 2019,tablet,1
20 abr 2019,mobile,170
20 abr 2019,desktop,105
21 abr 2019,tablet,4
21 abr 2019,mobile,179
21 abr 2019,desktop,169
22 abr 2019,mobile,335
22 abr 2019,desktop,548
22 abr 2019,tablet,2
23 abr 2019,desktop,463
23 abr 2019,mobile,318
24 abr 2019,mobile,305
24 abr 2019,tablet,2
24 abr 2019,desktop,513
25 abr 2019,tablet,24
25 abr 2019,desktop,513
25 abr 2019,mobile,539
26 abr 2019,tablet,4
26 abr 2019,desktop,599
26 abr 2019,mobile,948
27 abr 2019,desktop,133
27 abr 2019,mobile,457
28 abr 2019,desktop,191
28 abr 2019,tablet,2
28 abr 2019,mobile,283
29 abr 2019,tablet,5
29 abr 2019,mobile,528
29 abr 2019,desktop,542
30 abr 2019,tablet,3
30 abr 2019,desktop,323
30 abr 2019,mobile,340
1 may 2019,desktop,218
1 may 2019,mobile,205
1 may 2019,tablet,6
2 may 2019,mobile,292
2 may 2019,tablet,1
2 may 2019,desktop,488
3 may 2019,tablet,1
3 may 2019,mobile,573
3 may 2019,desktop,444
4 may 2019,desktop,105
4 may 2019,mobile,261
5 may 2019,mobile,211
5 may 2019,desktop,226
5 may 2019,tablet,2
6 may 2019,tablet,2
6 may 2019,desktop,624
6 may 2019,mobile,876
7 may 2019,mobile,748
7 may 2019,tablet,3
7 may 2019,desktop,701
8 may 2019,mobile,397
8 may 2019,tablet,7
8 may 2019,desktop,501
9 may 2019,mobile,315
9 may 2019,desktop,480
10 may 2019,desktop,389
10 may 2019,mobile,316
11 may 2019,tablet,2
11 may 2019,desktop,179
11 may 2019,mobile,231
12 may 2019,desktop,169
12 may 2019,tablet,2
12 may 2019,mobile,179
13 may 2019,tablet,1
13 may 2019,desktop,748
13 may 2019,mobile,364
14 may 2019,desktop,393
14 may 2019,tablet,2
14 may 2019,mobile,299
15 may 2019,tablet,2
15 may 2019,desktop,384
15 may 2019,mobile,342
16 may 2019,mobile,226
16 may 2019,tablet,1
16 may 2019,desktop,444
17 may 2019,mobile,272
17 may 2019,tablet,3
17 may 2019,desktop,419
18 may 2019,mobile,373
18 may 2019,tablet,4
18 may 2019,desktop,179
19 may 2019,desktop,175
19 may 2019,tablet,7
19 may 2019,mobile,246
20 may 2019,desktop,575
20 may 2019,mobile,413
20 may 2019,tablet,3
21 may 2019,mobile,536
21 may 2019,desktop,495
21 may 2019,tablet,1
22 may 2019,desktop,473
22 may 2019,mobile,306
23 may 2019,desktop,465
23 may 2019,mobile,225
23 may 2019,tablet,1
24 may 2019,desktop,422
24 may 2019,tablet,3
24 may 2019,mobile,230
25 may 2019,mobile,141
25 may 2019,desktop,146
25 may 2019,tablet,4
26 may 2019,mobile,174
26 may 2019,desktop,196
27 may 2019,desktop,546
27 may 2019,tablet,1
27 may 2019,mobile,287
28 may 2019,mobile,323
28 may 2019,desktop,495
28 may 2019,tablet,3
29 may 2019,desktop,332
29 may 2019,tablet,8
29 may 2019,mobile,204
30 may 2019,mobile,270
30 may 2019,desktop,447
30 may 2019,tablet,5
31 may 2019,mobile,193
31 may 2019,desktop,495
31 may 2019,tablet,2
1 jun 2019,desktop,108
1 jun 2019,mobile,185
2 jun 2019,mobile,141
2 jun 2019,tablet,1
2 jun 2019,desktop,180
3 jun 2019,tablet,4
3 jun 2019,mobile,209
3 jun 2019,desktop,460
4 jun 2019,tablet,3
4 jun 2019,mobile,285
4 jun 2019,desktop,417
5 jun 2019,mobile,253
5 jun 2019,desktop,454
5 jun 2019,tablet,10
6 jun 2019,desktop,337
6 jun 2019,tablet,2
6 jun 2019,mobile,227
7 jun 2019,desktop,384
7 jun 2019,mobile,240
8 jun 2019,desktop,122
8 jun 2019,mobile,199
9 jun 2019,desktop,172
9 jun 2019,mobile,177
9 jun 2019,tablet,1
10 jun 2019,desktop,463
10 jun 2019,tablet,6
10 jun 2019,mobile,283
11 jun 2019,tablet,6
11 jun 2019,mobile,284
11 jun 2019,desktop,430
12 jun 2019,mobile,267
12 jun 2019,tablet,4
12 jun 2019,desktop,566
13 jun 2019,mobile,262
13 jun 2019,tablet,2
13 jun 2019,desktop,505
14 jun 2019,tablet,1
14 jun 2019,mobile,291
14 jun 2019,desktop,489
15 jun 2019,tablet,5
15 jun 2019,desktop,139
15 jun 2019,mobile,170
16 jun 2019,mobile,169
16 jun 2019,tablet,3
16 jun 2019,desktop,124
17 jun 2019,desktop,293
17 jun 2019,mobile,216
17 jun 2019,tablet,7
18 jun 2019,desktop,580
18 jun 2019,tablet,4
18 jun 2019,mobile,326
19 jun 2019,mobile,341
19 jun 2019,tablet,2
19 jun 2019,desktop,561
20 jun 2019,tablet,14
20 jun 2019,mobile,268
20 jun 2019,desktop,254
21 jun 2019,desktop,454
21 jun 2019,mobile,278
21 jun 2019,tablet,4
22 jun 2019,desktop,112
22 jun 2019,mobile,222
23 jun 2019,mobile,259
23 jun 2019,tablet,1
23 jun 2019,desktop,223
24 jun 2019,tablet,3
24 jun 2019,desktop,624
24 jun 2019,mobile,443
25 jun 2019,desktop,758
25 jun 2019,mobile,375
25 jun 2019,tablet,2
26 jun 2019,mobile,316
26 jun 2019,desktop,584
26 jun 2019,tablet,4
27 jun 2019,desktop,450
27 jun 2019,tablet,3
27 jun 2019,mobile,330
28 jun 2019,mobile,288
28 jun 2019,desktop,451
28 jun 2019,tablet,2
29 jun 2019,mobile,226
29 jun 2019,tablet,5
29 jun 2019,desktop,128
30 jun 2019,tablet,1
30 jun 2019,mobile,218
30 jun 2019,desktop,153
1 jul 2019,tablet,3
1 jul 2019,mobile,411
1 jul 2019,desktop,564
2 jul 2019,mobile,251
2 jul 2019,tablet,3
2 jul 2019,desktop,526
3 jul 2019,desktop,494
3 jul 2019,mobile,267
3 jul 2019,tablet,2
4 jul 2019,tablet,3
4 jul 2019,mobile,341
4 jul 2019,desktop,421
5 jul 2019,tablet,2
5 jul 2019,desktop,314
5 jul 2019,mobile,207
6 jul 2019,desktop,94
6 jul 2019,tablet,1
6 jul 2019,mobile,155
7 jul 2019,tablet,4
7 jul 2019,desktop,134
7 jul 2019,mobile,137
8 jul 2019,desktop,146
8 jul 2019,mobile,182
8 jul 2019,tablet,11
9 jul 2019,desktop,186
9 jul 2019,mobile,161
9 jul 2019,tablet,6
10 jul 2019,mobile,191
10 jul 2019,desktop,223
11 jul 2019,desktop,244
11 jul 2019,tablet,2
11 jul 2019,mobile,190
12 jul 2019,mobile,165
12 jul 2019,desktop,201
13 jul 2019,tablet,9
13 jul 2019,mobile,164
13 jul 2019,desktop,122
14 jul 2019,desktop,124
14 jul 2019,mobile,151
15 jul 2019,mobile,213
15 jul 2019,tablet,3
15 jul 2019,desktop,229
16 jul 2019,desktop,248
16 jul 2019,mobile,226
17 jul 2019,mobile,258
17 jul 2019,tablet,3
17 jul 2019,desktop,210
18 jul 2019,desktop,256
18 jul 2019,mobile,190
19 jul 2019,desktop,182
19 jul 2019,mobile,185
19 jul 2019,tablet,10
20 jul 2019,mobile,127
20 jul 2019,desktop,73
21 jul 2019,mobile,208
21 jul 2019,desktop,111
22 jul 2019,tablet,1
22 jul 2019,mobile,289
22 jul 2019,desktop,558
23 jul 2019,desktop,537
23 jul 2019,tablet,1
23 jul 2019,mobile,344
24 jul 2019,tablet,11
24 jul 2019,mobile,476
24 jul 2019,desktop,695
25 jul 2019,mobile,353
25 jul 2019,tablet,2
25 jul 2019,desktop,475
26 jul 2019,mobile,278
26 jul 2019,tablet,2
26 jul 2019,desktop,471
27 jul 2019,desktop,131
27 jul 2019,tablet,5
27 jul 2019,mobile,313
28 jul 2019,mobile,250
28 jul 2019,desktop,156
28 jul 2019,tablet,1
29 jul 2019,desktop,581
29 jul 2019,tablet,2
29 jul 2019,mobile,377
30 jul 2019,tablet,7
30 jul 2019,desktop,546
30 jul 2019,mobile,560
31 jul 2019,mobile,480
31 jul 2019,desktop,666
31 jul 2019,tablet,6
1 ago 2019,desktop,412
1 ago 2019,mobile,296
1 ago 2019,tablet,7
2 ago 2019,desktop,388
2 ago 2019,mobile,379
3 ago 2019,desktop,125
3 ago 2019,mobile,267
4 ago 2019,tablet,5
4 ago 2019,mobile,277
4 ago 2019,desktop,198
5 ago 2019,desktop,589
5 ago 2019,mobile,380
5 ago 2019,tablet,5
6 ago 2019,desktop,718
6 ago 2019,mobile,565
6 ago 2019,tablet,2
7 ago 2019,mobile,473
7 ago 2019,tablet,6
7 ago 2019,desktop,525
8 ago 2019,desktop,522
8 ago 2019,tablet,1
8 ago 2019,mobile,422
9 ago 2019,desktop,532
9 ago 2019,tablet,7
9 ago 2019,mobile,398
10 ago 2019,desktop,113
10 ago 2019,mobile,323
10 ago 2019,tablet,5
11 ago 2019,mobile,222
11 ago 2019,desktop,143
11 ago 2019,tablet,4
12 ago 2019,mobile,402
12 ago 2019,tablet,5
12 ago 2019,desktop,988
13 ago 2019,tablet,4
13 ago 2019,desktop,537
13 ago 2019,mobile,433
14 ago 2019,tablet,1
14 ago 2019,desktop,557
14 ago 2019,mobile,321
15 ago 2019,mobile,395
15 ago 2019,tablet,1
15 ago 2019,desktop,474
16 ago 2019,mobile,382
16 ago 2019,tablet,2
16 ago 2019,desktop,494
17 ago 2019,mobile,231
17 ago 2019,tablet,1
17 ago 2019,desktop,159
18 ago 2019,desktop,167
18 ago 2019,mobile,204
19 ago 2019,mobile,332
19 ago 2019,desktop,321
19 ago 2019,tablet,1
20 ago 2019,desktop,713
20 ago 2019,tablet,1
20 ago 2019,mobile,475
21 ago 2019,mobile,437
21 ago 2019,tablet,1
21 ago 2019,desktop,589
22 ago 2019,mobile,412
22 ago 2019,tablet,2
22 ago 2019,desktop,533
23 ago 2019,desktop,468
23 ago 2019,mobile,524
23 ago 2019,tablet,2
24 ago 2019,mobile,279
24 ago 2019,tablet,2
24 ago 2019,desktop,115
25 ago 2019,mobile,259
25 ago 2019,desktop,165
25 ago 2019,tablet,4
26 ago 2019,desktop,701
26 ago 2019,tablet,4
26 ago 2019,mobile,467
27 ago 2019,tablet,3
27 ago 2019,desktop,527
27 ago 2019,mobile,493
28 ago 2019,desktop,455
28 ago 2019,tablet,2
28 ago 2019,mobile,399
29 ago 2019,desktop,605
29 ago 2019,tablet,5
29 ago 2019,mobile,447
30 ago 2019,mobile,437
30 ago 2019,desktop,471
30 ago 2019,tablet,2
31 ago 2019,tablet,1
31 ago 2019,desktop,130
31 ago 2019,mobile,270
1 sept 2019,mobile,302
1 sept 2019,desktop,225
2 sept 2019,mobile,614
2 sept 2019,desktop,511
2 sept 2019,tablet,3
3 sept 2019,desktop,506
3 sept 2019,mobile,413
3 sept 2019,tablet,8
4 sept 2019,desktop,555
4 sept 2019,tablet,4
4 sept 2019,mobile,393
5 sept 2019,mobile,411
5 sept 2019,desktop,512
6 sept 2019,mobile,383
6 sept 2019,desktop,436
6 sept 2019,tablet,1
7 sept 2019,tablet,2
7 sept 2019,desktop,149
7 sept 2019,mobile,201
8 sept 2019,tablet,1
8 sept 2019,mobile,262
8 sept 2019,desktop,160
9 sept 2019,desktop,554
9 sept 2019,mobile,387
9 sept 2019,tablet,15
10 sept 2019,desktop,635
10 sept 2019,tablet,1
10 sept 2019,mobile,395
11 sept 2019,desktop,729
11 sept 2019,tablet,1
11 sept 2019,mobile,438
12 sept 2019,mobile,622
12 sept 2019,desktop,632
13 sept 2019,mobile,382
13 sept 2019,tablet,5
13 sept 2019,desktop,463
14 sept 2019,desktop,168
14 sept 2019,mobile,281
15 sept 2019,desktop,237
15 sept 2019,tablet,1
15 sept 2019,mobile,291
16 sept 2019,mobile,491
16 sept 2019,desktop,643
17 sept 2019,mobile,515
17 sept 2019,tablet,1
17 sept 2019,desktop,552
18 sept 2019,tablet,3
18 sept 2019,desktop,442
18 sept 2019,mobile,406
19 sept 2019,mobile,392
19 sept 2019,desktop,575
19 sept 2019,tablet,1
20 sept 2019,desktop,482
20 sept 2019,tablet,3
20 sept 2019,mobile,370
21 sept 2019,tablet,2
21 sept 2019,mobile,261
21 sept 2019,desktop,161
22 sept 2019,mobile,244
22 sept 2019,tablet,10
22 sept 2019,desktop,153
23 sept 2019,desktop,604
23 sept 2019,mobile,474
24 sept 2019,mobile,878
24 sept 2019,tablet,10
24 sept 2019,desktop,1304
25 sept 2019,desktop,897
25 sept 2019,tablet,8
25 sept 2019,mobile,881
26 sept 2019,desktop,564
26 sept 2019,mobile,743
26 sept 2019,tablet,2
27 sept 2019,mobile,574
27 sept 2019,desktop,447
28 sept 2019,desktop,165
28 sept 2019,mobile,452
29 sept 2019,mobile,457
29 sept 2019,desktop,231
29 sept 2019,tablet,2
30 sept 2019,mobile,689
30 sept 2019,desktop,658
1 oct 2019,mobile,517
1 oct 2019,desktop,709
1 oct 2019,tablet,10
2 oct 2019,desktop,553
2 oct 2019,tablet,4
2 oct 2019,mobile,536
3 oct 2019,mobile,591
3 oct 2019,tablet,7
3 oct 2019,desktop,644
4 oct 2019,desktop,468
4 oct 2019,tablet,4
4 oct 2019,mobile,634
5 oct 2019,mobile,437
5 oct 2019,desktop,203
6 oct 2019,mobile,408
6 oct 2019,tablet,5
6 oct 2019,desktop,250
7 oct 2019,mobile,582
7 oct 2019,desktop,684
8 oct 2019,tablet,7
8 oct 2019,mobile,769
8 oct 2019,desktop,656
9 oct 2019,desktop,676
9 oct 2019,tablet,3
9 oct 2019,mobile,656
10 oct 2019,tablet,2
10 oct 2019,mobile,517
10 oct 2019,desktop,490
11 oct 2019,mobile,458
11 oct 2019,tablet,2
11 oct 2019,desktop,446
12 oct 2019,mobile,295
12 oct 2019,tablet,5
12 oct 2019,desktop,127
13 oct 2019,tablet,1
13 oct 2019,desktop,205
13 oct 2019,mobile,258
14 oct 2019,desktop,419
14 oct 2019,mobile,511
14 oct 2019,tablet,9
15 oct 2019,mobile,652
15 oct 2019,desktop,609
15 oct 2019,tablet,1
16 oct 2019,mobile,663
16 oct 2019,tablet,5
16 oct 2019,desktop,665
17 oct 2019,desktop,680
17 oct 2019,tablet,2
17 oct 2019,mobile,907
18 oct 2019,desktop,438
18 oct 2019,mobile,554
18 oct 2019,tablet,12
19 oct 2019,desktop,175
19 oct 2019,tablet,2
19 oct 2019,mobile,310
20 oct 2019,mobile,275
20 oct 2019,desktop,145
21 oct 2019,desktop,747
21 oct 2019,tablet,5
21 oct 2019,mobile,777
22 oct 2019,tablet,9
22 oct 2019,mobile,599
22 oct 2019,desktop,639
23 oct 2019,mobile,582
23 oct 2019,desktop,596
23 oct 2019,tablet,8
24 oct 2019,desktop,435
24 oct 2019,mobile,593
24 oct 2019,tablet,1
25 oct 2019,tablet,2
25 oct 2019,desktop,442
25 oct 2019,mobile,468
26 oct 2019,tablet,7
26 oct 2019,desktop,172
26 oct 2019,mobile,396
27 oct 2019,tablet,7
27 oct 2019,desktop,176
27 oct 2019,mobile,300
28 oct 2019,desktop,609
28 oct 2019,mobile,766
28 oct 2019,tablet,9
29 oct 2019,tablet,6
29 oct 2019,mobile,874
29 oct 2019,desktop,694
30 oct 2019,tablet,18
30 oct 2019,desktop,740
30 oct 2019,mobile,921
31 oct 2019,desktop,637
31 oct 2019,tablet,12
31 oct 2019,mobile,904
1 nov 2019,tablet,4
1 nov 2019,desktop,585
1 nov 2019,mobile,861
2 nov 2019,mobile,464
2 nov 2019,desktop,210
3 nov 2019,mobile,604
3 nov 2019,desktop,366
3 nov 2019,tablet,7
4 nov 2019,desktop,818
4 nov 2019,tablet,10
4 nov 2019,mobile,955
5 nov 2019,mobile,841
5 nov 2019,tablet,7
5 nov 2019,desktop,690
6 nov 2019,desktop,620
6 nov 2019,tablet,5
6 nov 2019,mobile,1786
7 nov 2019,desktop,603
7 nov 2019,mobile,1466
7 nov 2019,tablet,6
8 nov 2019,mobile,1085
8 nov 2019,tablet,6
8 nov 2019,desktop,591
9 nov 2019,mobile,623
9 nov 2019,tablet,4
9 nov 2019,desktop,188
10 nov 2019,desktop,221
10 nov 2019,tablet,1
10 nov 2019,mobile,623
11 nov 2019,desktop,1052
11 nov 2019,tablet,13
11 nov 2019,mobile,4411
12 nov 2019,mobile,1723
12 nov 2019,tablet,2
12 nov 2019,desktop,778
13 nov 2019,tablet,13
13 nov 2019,desktop,597
13 nov 2019,mobile,1197
14 nov 2019,tablet,3
14 nov 2019,mobile,980
14 nov 2019,desktop,500
15 nov 2019,desktop,641
15 nov 2019,tablet,1
15 nov 2019,mobile,823
16 nov 2019,mobile,399
16 nov 2019,tablet,1
16 nov 2019,desktop,208
17 nov 2019,desktop,184
17 nov 2019,tablet,3
17 nov 2019,mobile,493
18 nov 2019,desktop,379
18 nov 2019,mobile,729
18 nov 2019,tablet,4
19 nov 2019,tablet,6
19 nov 2019,mobile,1353
19 nov 2019,desktop,990
20 nov 2019,mobile,1322
20 nov 2019,desktop,915
20 nov 2019,tablet,2
21 nov 2019,mobile,1467
21 nov 2019,desktop,759
21 nov 2019,tablet,11
22 nov 2019,tablet,3
22 nov 2019,mobile,830
22 nov 2019,desktop,640
23 nov 2019,desktop,274
23 nov 2019,mobile,547
24 nov 2019,mobile,654
24 nov 2019,tablet,2
24 nov 2019,desktop,278
25 nov 2019,tablet,3
25 nov 2019,desktop,784
25 nov 2019,mobile,968
26 nov 2019,desktop,543
26 nov 2019,tablet,1
26 nov 2019,mobile,870
27 nov 2019,desktop,824
27 nov 2019,tablet,5
27 nov 2019,mobile,945
28 nov 2019,tablet,10
28 nov 2019,mobile,781
28 nov 2019,desktop,604
29 nov 2019,mobile,546
29 nov 2019,desktop,564
29 nov 2019,tablet,3
30 nov 2019,desktop,223
30 nov 2019,tablet,22
30 nov 2019,mobile,483
1 dic 2019,mobile,539
1 dic 2019,tablet,20
1 dic 2019,desktop,204
2 dic 2019,tablet,3
2 dic 2019,mobile,1226
2 dic 2019,desktop,846
3 dic 2019,desktop,757
3 dic 2019,mobile,932
3 dic 2019,tablet,3
4 dic 2019,mobile,857
4 dic 2019,tablet,12
4 dic 2019,desktop,709
5 dic 2019,desktop,512
5 dic 2019,mobile,702
5 dic 2019,tablet,2
6 dic 2019,tablet,4
6 dic 2019,mobile,861
6 dic 2019,desktop,469
7 dic 2019,tablet,3
7 dic 2019,mobile,453
7 dic 2019,desktop,236
8 dic 2019,desktop,224
8 dic 2019,tablet,6
8 dic 2019,mobile,466
9 dic 2019,mobile,1036
9 dic 2019,desktop,766
9 dic 2019,tablet,10
10 dic 2019,desktop,627
10 dic 2019,mobile,1508
10 dic 2019,tablet,7
11 dic 2019,tablet,8
11 dic 2019,desktop,574
11 dic 2019,mobile,1089
12 dic 2019,mobile,1185
12 dic 2019,tablet,8
12 dic 2019,desktop,642
13 dic 2019,mobile,800
13 dic 2019,tablet,1
13 dic 2019,desktop,634
14 dic 2019,desktop,179
14 dic 2019,tablet,1
14 dic 2019,mobile,466
15 dic 2019,desktop,202
15 dic 2019,mobile,485
16 dic 2019,desktop,923
16 dic 2019,mobile,997
17 dic 2019,tablet,8
17 dic 2019,desktop,661
17 dic 2019,mobile,934
18 dic 2019,tablet,10
18 dic 2019,mobile,910
18 dic 2019,desktop,507
19 dic 2019,desktop,630
19 dic 2019,mobile,904
19 dic 2019,tablet,17
20 dic 2019,mobile,2657
20 dic 2019,desktop,527
20 dic 2019,tablet,11
21 dic 2019,tablet,3
21 dic 2019,mobile,979
21 dic 2019,desktop,201
22 dic 2019,tablet,9
22 dic 2019,mobile,514
22 dic 2019,desktop,110
23 dic 2019,mobile,417
23 dic 2019,desktop,227
24 dic 2019,mobile,209
24 dic 2019,tablet,1
24 dic 2019,desktop,69
25 dic 2019,tablet,1
25 dic 2019,mobile,212
25 dic 2019,desktop,80
26 dic 2019,mobile,416
26 dic 2019,desktop,317
27 dic 2019,desktop,225
27 dic 2019,tablet,2
27 dic 2019,mobile,310
28 dic 2019,tablet,4
28 dic 2019,desktop,116
28 dic 2019,mobile,294
29 dic 2019,tablet,1
29 dic 2019,desktop,76
29 dic 2019,mobile,283
30 dic 2019,mobile,292
30 dic 2019,desktop,227
31 dic 2019,desktop,76
31 dic 2019,mobile,177
31 dic 2019,tablet,5
1 ene 2020,tablet,6
1 ene 2020,desktop,60
1 ene 2020,mobile,199
2 ene 2020,mobile,393
2 ene 2020,tablet,3
2 ene 2020,desktop,275
3 ene 2020,tablet,4
3 ene 2020,desktop,259
3 ene 2020,mobile,435
4 ene 2020,mobile,307
4 ene 2020,desktop,198
5 ene 2020,desktop,136
5 ene 2020,tablet,2
5 ene 2020,mobile,299
6 ene 2020,tablet,4
6 ene 2020,mobile,381
6 ene 2020,desktop,312
7 ene 2020,mobile,435
7 ene 2020,tablet,2
7 ene 2020,desktop,325
8 ene 2020,mobile,147
8 ene 2020,desktop,136
9 ene 2020,tablet,2
9 ene 2020,mobile,67
9 ene 2020,desktop,65
10 ene 2020,desktop,31
10 ene 2020,mobile,59
11 ene 2020,mobile,41
11 ene 2020,tablet,1
11 ene 2020,desktop,31
12 ene 2020,mobile,47
12 ene 2020,desktop,15
13 ene 2020,mobile,135
13 ene 2020,desktop,79
14 ene 2020,mobile,474
14 ene 2020,tablet,10
14 ene 2020,desktop,227
15 ene 2020,mobile,457
15 ene 2020,desktop,311
16 ene 2020,mobile,464
16 ene 2020,desktop,278
17 ene 2020,mobile,433
17 ene 2020,desktop,209
17 ene 2020,tablet,1
18 ene 2020,desktop,99
18 ene 2020,mobile,283
19 ene 2020,mobile,301
19 ene 2020,desktop,110
20 ene 2020,mobile,469
20 ene 2020,desktop,321
20 ene 2020,tablet,1
21 ene 2020,desktop,271
21 ene 2020,tablet,5
21 ene 2020,mobile,507
22 ene 2020,tablet,3
22 ene 2020,mobile,431
22 ene 2020,desktop,294
23 ene 2020,desktop,254
23 ene 2020,tablet,5
23 ene 2020,mobile,466
24 ene 2020,desktop,225
24 ene 2020,mobile,303
24 ene 2020,tablet,1
25 ene 2020,mobile,342
25 ene 2020,tablet,2
25 ene 2020,desktop,136
26 ene 2020,mobile,262
26 ene 2020,desktop,122
26 ene 2020,tablet,1
27 ene 2020,tablet,10
27 ene 2020,desktop,397
27 ene 2020,mobile,528
28 ene 2020,tablet,2
28 ene 2020,desktop,305
28 ene 2020,mobile,581
29 ene 2020,desktop,317
29 ene 2020,tablet,10
29 ene 2020,mobile,568
30 ene 2020,mobile,575
30 ene 2020,tablet,2
30 ene 2020,desktop,278
31 ene 2020,desktop,233
31 ene 2020,tablet,4
31 ene 2020,mobile,437
1 feb 2020,mobile,520
1 feb 2020,desktop,176
2 feb 2020,mobile,510
2 feb 2020,desktop,181
2 feb 2020,tablet,2
3 feb 2020,desktop,650
3 feb 2020,mobile,1010
4 feb 2020,tablet,7
4 feb 2020,mobile,1066
4 feb 2020,desktop,771
5 feb 2020,desktop,504
5 feb 2020,mobile,953
5 feb 2020,tablet,5
6 feb 2020,tablet,4
6 feb 2020,mobile,944
6 feb 2020,desktop,589
7 feb 2020,mobile,834
7 feb 2020,desktop,518
7 feb 2020,tablet,3
8 feb 2020,desktop,359
8 feb 2020,mobile,638
9 feb 2020,desktop,498
9 feb 2020,tablet,5
9 feb 2020,mobile,1012
10 feb 2020,desktop,1172
10 feb 2020,mobile,2202
10 feb 2020,tablet,14
11 feb 2020,tablet,7
11 feb 2020,desktop,1015
11 feb 2020,mobile,1933
12 feb 2020,tablet,5
12 feb 2020,mobile,2155
12 feb 2020,desktop,1125
13 feb 2020,tablet,1
13 feb 2020,mobile,1330
13 feb 2020,desktop,829
14 feb 2020,desktop,663
14 feb 2020,tablet,16
14 feb 2020,mobile,1033
15 feb 2020,tablet,3
15 feb 2020,desktop,338
15 feb 2020,mobile,629
16 feb 2020,desktop,249
16 feb 2020,mobile,587
16 feb 2020,tablet,3
17 feb 2020,mobile,1164
17 feb 2020,tablet,2
17 feb 2020,desktop,930
18 feb 2020,desktop,969
18 feb 2020,tablet,5
18 feb 2020,mobile,895
19 feb 2020,desktop,753
19 feb 2020,mobile,958
19 feb 2020,tablet,3
20 feb 2020,mobile,923
20 feb 2020,tablet,4
20 feb 2020,desktop,699
21 feb 2020,desktop,671
21 feb 2020,tablet,16
21 feb 2020,mobile,797
22 feb 2020,tablet,3
22 feb 2020,mobile,398
22 feb 2020,desktop,191
23 feb 2020,mobile,379
23 feb 2020,desktop,236
23 feb 2020,tablet,1
24 feb 2020,tablet,5
24 feb 2020,desktop,289
24 feb 2020,mobile,463
25 feb 2020,tablet,4
25 feb 2020,mobile,628
25 feb 2020,desktop,391
26 feb 2020,mobile,872
26 feb 2020,tablet,6
26 feb 2020,desktop,829
27 feb 2020,desktop,773
27 feb 2020,mobile,813
27 feb 2020,tablet,13
28 feb 2020,mobile,830
28 feb 2020,desktop,736
28 feb 2020,tablet,1
29 feb 2020,mobile,476
29 feb 2020,tablet,3
29 feb 2020,desktop,171
1 mar 2020,mobile,499
1 mar 2020,desktop,232
1 mar 2020,tablet,4
2 mar 2020,desktop,664
2 mar 2020,mobile,1056
2 mar 2020,tablet,1
3 mar 2020,desktop,808
3 mar 2020,mobile,1013
4 mar 2020,mobile,833
4 mar 2020,tablet,3
4 mar 2020,desktop,641
5 mar 2020,desktop,640
5 mar 2020,tablet,10
5 mar 2020,mobile,765
6 mar 2020,tablet,4
6 mar 2020,mobile,750
6 mar 2020,desktop,701
7 mar 2020,tablet,2
7 mar 2020,desktop,178
7 mar 2020,mobile,484
8 mar 2020,tablet,4
8 mar 2020,desktop,176
8 mar 2020,mobile,412
9 mar 2020,mobile,641
9 mar 2020,tablet,8
9 mar 2020,desktop,609
10 mar 2020,desktop,615
10 mar 2020,tablet,3
10 mar 2020,mobile,688
11 mar 2020,tablet,3
11 mar 2020,desktop,617
11 mar 2020,mobile,840
12 mar 2020,tablet,5
12 mar 2020,desktop,848
12 mar 2020,mobile,1699
13 mar 2020,tablet,8
13 mar 2020,desktop,730
13 mar 2020,mobile,1171
14 mar 2020,tablet,3
14 mar 2020,desktop,202
14 mar 2020,mobile,464
15 mar 2020,desktop,246
15 mar 2020,mobile,459
16 mar 2020,mobile,477
16 mar 2020,tablet,4
16 mar 2020,desktop,464
17 mar 2020,desktop,460
17 mar 2020,mobile,356
17 mar 2020,tablet,3
18 mar 2020,desktop,307
18 mar 2020,tablet,3
18 mar 2020,mobile,294
19 mar 2020,desktop,252
19 mar 2020,mobile,208
20 mar 2020,mobile,238
20 mar 2020,desktop,196
20 mar 2020,tablet,4
21 mar 2020,desktop,132
21 mar 2020,mobile,152
21 mar 2020,tablet,1
22 mar 2020,desktop,155
22 mar 2020,mobile,131
23 mar 2020,mobile,1015
23 mar 2020,desktop,285
23 mar 2020,tablet,1
24 mar 2020,tablet,2
24 mar 2020,desktop,419
24 mar 2020,mobile,795
25 mar 2020,desktop,559
25 mar 2020,mobile,708
25 mar 2020,tablet,8
26 mar 2020,desktop,688
26 mar 2020,mobile,720
26 mar 2020,tablet,19
27 mar 2020,mobile,649
27 mar 2020,desktop,384
28 mar 2020,mobile,351
28 mar 2020,desktop,222
29 mar 2020,desktop,227
29 mar 2020,tablet,4
29 mar 2020,mobile,264
30 mar 2020,mobile,687
30 mar 2020,desktop,419
30 mar 2020,tablet,3
31 mar 2020,desktop,443
31 mar 2020,tablet,5
31 mar 2020,mobile,934
1 abr 2020,tablet,7
1 abr 2020,mobile,502
1 abr 2020,desktop,339
2 abr 2020,mobile,376
2 abr 2020,tablet,2
2 abr 2020,desktop,418
3 abr 2020,mobile,398
3 abr 2020,tablet,5
3 abr 2020,desktop,380
4 abr 2020,desktop,213
4 abr 2020,mobile,388
4 abr 2020,tablet,6
5 abr 2020,desktop,285
5 abr 2020,mobile,411
5 abr 2020,tablet,3
6 abr 2020,mobile,518
6 abr 2020,tablet,5
6 abr 2020,desktop,501
7 abr 2020,mobile,578
7 abr 2020,desktop,385
7 abr 2020,tablet,6
8 abr 2020,mobile,517
8 abr 2020,tablet,3
8 abr 2020,desktop,359
9 abr 2020,tablet,9
9 abr 2020,mobile,1073
9 abr 2020,desktop,402
10 abr 2020,tablet,4
10 abr 2020,desktop,211
10 abr 2020,mobile,578
11 abr 2020,desktop,287
11 abr 2020,mobile,677
11 abr 2020,tablet,12
12 abr 2020,desktop,219
12 abr 2020,mobile,284
12 abr 2020,tablet,4
13 abr 2020,tablet,12
13 abr 2020,mobile,1037
13 abr 2020,desktop,413
14 abr 2020,tablet,14
14 abr 2020,mobile,685
14 abr 2020,desktop,480
15 abr 2020,mobile,336
15 abr 2020,desktop,403
15 abr 2020,tablet,9
16 abr 2020,mobile,356
16 abr 2020,tablet,12
16 abr 2020,desktop,490
17 abr 2020,desktop,489
17 abr 2020,tablet,6
17 abr 2020,mobile,2079
18 abr 2020,tablet,2
18 abr 2020,mobile,660
18 abr 2020,desktop,267
19 abr 2020,mobile,326
19 abr 2020,desktop,273
19 abr 2020,tablet,4
20 abr 2020,tablet,1
20 abr 2020,mobile,378
20 abr 2020,desktop,466
21 abr 2020,mobile,423
21 abr 2020,desktop,386
22 abr 2020,desktop,480
22 abr 2020,tablet,20
22 abr 2020,mobile,459
23 abr 2020,mobile,302
23 abr 2020,desktop,480
24 abr 2020,tablet,2
24 abr 2020,mobile,255
24 abr 2020,desktop,378
25 abr 2020,desktop,249
25 abr 2020,mobile,173
26 abr 2020,desktop,356
26 abr 2020,tablet,1
26 abr 2020,mobile,244
27 abr 2020,desktop,466
27 abr 2020,mobile,483
28 abr 2020,tablet,3
28 abr 2020,mobile,383
28 abr 2020,desktop,456
29 abr 2020,tablet,2
29 abr 2020,mobile,337
29 abr 2020,desktop,360
30 abr 2020,tablet,3
30 abr 2020,desktop,352
30 abr 2020,mobile,322
1 may 2020,mobile,250
1 may 2020,desktop,205
2 may 2020,desktop,210
2 may 2020,tablet,1
2 may 2020,mobile,310
3 may 2020,desktop,129
3 may 2020,mobile,387
3 may 2020,tablet,3
4 may 2020,mobile,248
4 may 2020,tablet,2
4 may 2020,desktop,336
5 may 2020,tablet,1
5 may 2020,mobile,186
5 may 2020,desktop,341
6 may 2020,mobile,301
6 may 2020,desktop,348
7 may 2020,desktop,381
7 may 2020,mobile,261
7 may 2020,tablet,5
8 may 2020,desktop,462
8 may 2020,mobile,347
9 may 2020,desktop,229
9 may 2020,tablet,4
9 may 2020,mobile,249
10 may 2020,mobile,254
10 may 2020,desktop,230
11 may 2020,desktop,492
11 may 2020,mobile,337
11 may 2020,tablet,7
12 may 2020,desktop,461
12 may 2020,mobile,384
13 may 2020,mobile,485
13 may 2020,desktop,543
13 may 2020,tablet,3
14 may 2020,tablet,5
14 may 2020,mobile,316
14 may 2020,desktop,460
15 may 2020,tablet,2
15 may 2020,mobile,331
15 may 2020,desktop,275
16 may 2020,desktop,172
16 may 2020,mobile,267
17 may 2020,mobile,231
17 may 2020,tablet,5
17 may 2020,desktop,168
18 may 2020,mobile,261
18 may 2020,desktop,449
18 may 2020,tablet,2
19 may 2020,desktop,550
19 may 2020,mobile,533
20 may 2020,mobile,118
20 may 2020,desktop,102
21 may 2020,desktop,5
22 may 2020,desktop,7
24 may 2020,mobile,1
25 may 2020,mobile,1
26 may 2020,desktop,6
27 may 2020,desktop,2
28 may 2020,desktop,1
1 jun 2020,desktop,2
3 jun 2020,mobile,5
4 jun 2020,desktop,13
5 jun 2020,mobile,1
8 jun 2020,desktop,2
9 jun 2020,mobile,1
10 jun 2020,desktop,9
11 jun 2020,desktop,2
14 jun 2020,mobile,1
16 jun 2020,desktop,8
17 jun 2020,desktop,11
18 jun 2020,desktop,2
19 jun 2020,mobile,1
19 jun 2020,desktop,3
21 jun 2020,desktop,1
23 jun 2020,desktop,4
24 jun 2020,desktop,8
25 jun 2020,desktop,1
26 jun 2020,desktop,6
10 ago 2020,desktop,2
14 ago 2020,desktop,1
18 ago 2020,desktop,11
20 ago 2020,desktop,1
26 ago 2020,desktop,7
8 sept 2020,mobile,1
8 sept 2020,desktop,7
10 sept 2020,desktop,2
30 oct 2020,mobile,7
31 oct 2020,mobile,1
11 nov 2020,desktop,4
24 feb 2021,desktop,13
24 feb 2021,mobile,1
25 feb 2021,desktop,2
16 mar 2021,desktop,1
6 abr 2021,mobile,1
19 abr 2021,desktop,2
21 abr 2021,desktop,2
26 abr 2021,desktop,3
29 abr 2021,desktop,2
9 may 2021,desktop,2
4 jun 2021,desktop,1
16 jun 2021,desktop,3
18 jun 2021,desktop,4
22 jun 2021,desktop,6
23 jun 2021,desktop,3
25 jun 2021,mobile,2
27 jun 2021,desktop,1
29 jun 2021,desktop,1
3 jul 2021,desktop,2
8 jul 2021,desktop,1
10 jul 2021,desktop,1
13 jul 2021,desktop,1
14 jul 2021,mobile,1
15 jul 2021,mobile,1
15 jul 2021,desktop,2
16 jul 2021,mobile,1
16 jul 2021,desktop,1
18 jul 2021,mobile,1
19 jul 2021,desktop,1
20 jul 2021,desktop,2
21 jul 2021,desktop,3
21 jul 2021,mobile,1
22 jul 2021,desktop,1
22 jul 2021,mobile,1
23 jul 2021,mobile,2
23 jul 2021,desktop,6
24 jul 2021,desktop,2
24 jul 2021,mobile,1
25 jul 2021,desktop,1
26 jul 2021,mobile,1
26 jul 2021,desktop,5
27 jul 2021,mobile,2
27 jul 2021,desktop,2
27 jul 2021,tablet,1
28 jul 2021,mobile,1
28 jul 2021,desktop,1
29 jul 2021,desktop,2
30 jul 2021,mobile,2
2 ago 2021,desktop,3
4 ago 2021,desktop,1
5 ago 2021,desktop,2
6 ago 2021,desktop,1
8 ago 2021,desktop,2
9 ago 2021,mobile,2
9 ago 2021,desktop,1
10 ago 2021,desktop,2
11 ago 2021,desktop,3
12 ago 2021,mobile,1
13 ago 2021,desktop,2
13 ago 2021,mobile,3
16 ago 2021,desktop,1
16 ago 2021,mobile,1
17 ago 2021,desktop,6
18 ago 2021,desktop,1
18 ago 2021,mobile,1
19 ago 2021,desktop,7
19 ago 2021,mobile,1
20 ago 2021,mobile,7
21 ago 2021,desktop,4
21 ago 2021,mobile,11
22 ago 2021,mobile,8
22 ago 2021,desktop,2
23 ago 2021,desktop,7
23 ago 2021,mobile,4
24 ago 2021,desktop,10
24 ago 2021,mobile,3
25 ago 2021,desktop,18
25 ago 2021,mobile,8
26 ago 2021,mobile,4
26 ago 2021,desktop,6
27 ago 2021,mobile,7
28 ago 2021,mobile,1
28 ago 2021,desktop,8
29 ago 2021,tablet,1
29 ago 2021,desktop,2
29 ago 2021,mobile,21
30 ago 2021,mobile,6
30 ago 2021,desktop,15
31 ago 2021,tablet,1
31 ago 2021,mobile,1
31 ago 2021,desktop,1
1 sept 2021,desktop,8
1 sept 2021,mobile,3
2 sept 2021,mobile,1
13 sept 2021,mobile,1
14 sept 2021,desktop,6
14 sept 2021,mobile,1
15 sept 2021,desktop,1
15 sept 2021,mobile,3
16 sept 2021,mobile,5
16 sept 2021,desktop,10
17 sept 2021,desktop,2
17 sept 2021,mobile,5
18 sept 2021,mobile,1
18 sept 2021,desktop,2
19 sept 2021,desktop,3
19 sept 2021,mobile,3
20 sept 2021,mobile,7
21 sept 2021,mobile,4
21 sept 2021,desktop,3
22 sept 2021,desktop,5
22 sept 2021,mobile,6
23 sept 2021,mobile,1
23 sept 2021,desktop,3
24 sept 2021,mobile,2
24 sept 2021,desktop,4
25 sept 2021,desktop,3
25 sept 2021,mobile,2
26 sept 2021,mobile,2
27 sept 2021,desktop,9
27 sept 2021,mobile,7
28 sept 2021,desktop,8
28 sept 2021,mobile,2
29 sept 2021,desktop,6
29 sept 2021,mobile,7
30 sept 2021,desktop,2
30 sept 2021,mobile,6
1 oct 2021,desktop,2
1 oct 2021,mobile,3
1 oct 2021,tablet,1
2 oct 2021,mobile,3
2 oct 2021,desktop,1
3 oct 2021,desktop,4
3 oct 2021,mobile,4
4 oct 2021,desktop,3
4 oct 2021,mobile,4
5 oct 2021,desktop,3
5 oct 2021,mobile,4
6 oct 2021,mobile,4
6 oct 2021,desktop,6
7 oct 2021,desktop,2
7 oct 2021,mobile,4
8 oct 2021,desktop,2
8 oct 2021,mobile,1
9 oct 2021,desktop,1
9 oct 2021,mobile,1
10 oct 2021,desktop,1
10 oct 2021,mobile,5
11 oct 2021,desktop,8
11 oct 2021,mobile,5
12 oct 2021,mobile,6
12 oct 2021,desktop,10
13 oct 2021,desktop,9
13 oct 2021,mobile,8
14 oct 2021,mobile,6
14 oct 2021,desktop,24
15 oct 2021,mobile,1
15 oct 2021,desktop,6
16 oct 2021,desktop,2
16 oct 2021,mobile,7
17 oct 2021,desktop,1
17 oct 2021,mobile,5
18 oct 2021,desktop,7
18 oct 2021,mobile,1
19 oct 2021,desktop,2
19 oct 2021,mobile,9
19 oct 2021,tablet,1
20 oct 2021,mobile,12
20 oct 2021,desktop,11
21 oct 2021,mobile,10
21 oct 2021,desktop,5
22 oct 2021,desktop,33
22 oct 2021,mobile,13
23 oct 2021,desktop,19
23 oct 2021,mobile,8
24 oct 2021,mobile,4
24 oct 2021,desktop,5
25 oct 2021,mobile,2
25 oct 2021,desktop,12
26 oct 2021,desktop,4
26 oct 2021,mobile,5
27 oct 2021,mobile,7
27 oct 2021,desktop,6
28 oct 2021,desktop,5
28 oct 2021,mobile,2
29 oct 2021,tablet,1
29 oct 2021,desktop,21
30 oct 2021,desktop,6
30 oct 2021,mobile,4
31 oct 2021,desktop,2
31 oct 2021,mobile,4
1 nov 2021,mobile,6
1 nov 2021,desktop,9
2 nov 2021,desktop,4
2 nov 2021,mobile,14
3 nov 2021,desktop,64
3 nov 2021,mobile,93
4 nov 2021,desktop,10
4 nov 2021,mobile,13
5 nov 2021,mobile,2
5 nov 2021,tablet,1
5 nov 2021,desktop,11
6 nov 2021,mobile,4
6 nov 2021,desktop,1
7 nov 2021,mobile,1
7 nov 2021,desktop,3
8 nov 2021,desktop,9
8 nov 2021,mobile,2
9 nov 2021,mobile,7
9 nov 2021,desktop,17
10 nov 2021,mobile,1
10 nov 2021,desktop,10
11 nov 2021,desktop,14
11 nov 2021,mobile,4
12 nov 2021,mobile,4
12 nov 2021,desktop,11
13 nov 2021,desktop,6
14 nov 2021,desktop,8
14 nov 2021,mobile,4
15 nov 2021,mobile,8
15 nov 2021,tablet,1
15 nov 2021,desktop,9
16 nov 2021,mobile,4
16 nov 2021,desktop,5
17 nov 2021,mobile,7
17 nov 2021,desktop,3
18 nov 2021,desktop,1
18 nov 2021,mobile,7
18 nov 2021,tablet,1
19 nov 2021,mobile,18
19 nov 2021,desktop,12
20 nov 2021,desktop,2
20 nov 2021,mobile,6
21 nov 2021,desktop,1
21 nov 2021,mobile,3
22 nov 2021,desktop,3
22 nov 2021,mobile,3
23 nov 2021,mobile,6
23 nov 2021,desktop,5
24 nov 2021,tablet,1
24 nov 2021,mobile,6
24 nov 2021,desktop,2
25 nov 2021,desktop,15
25 nov 2021,mobile,2
26 nov 2021,desktop,6
26 nov 2021,mobile,3
27 nov 2021,desktop,3
27 nov 2021,mobile,3
28 nov 2021,desktop,5
28 nov 2021,mobile,6
29 nov 2021,desktop,11
29 nov 2021,mobile,16
30 nov 2021,mobile,7
30 nov 2021,desktop,6
1 dic 2021,desktop,5
1 dic 2021,mobile,20
2 dic 2021,mobile,6
2 dic 2021,desktop,2
3 dic 2021,mobile,2
3 dic 2021,desktop,18
4 dic 2021,mobile,7
4 dic 2021,desktop,12
5 dic 2021,mobile,5
5 dic 2021,desktop,10
6 dic 2021,mobile,7
6 dic 2021,desktop,9
7 dic 2021,desktop,7
7 dic 2021,mobile,5
8 dic 2021,desktop,3
8 dic 2021,mobile,10
9 dic 2021,mobile,7
9 dic 2021,desktop,3
10 dic 2021,desktop,10
10 dic 2021,mobile,1
11 dic 2021,mobile,3
11 dic 2021,desktop,2
12 dic 2021,mobile,6
12 dic 2021,desktop,2
13 dic 2021,desktop,14
13 dic 2021,mobile,17
14 dic 2021,desktop,7
14 dic 2021,mobile,16
15 dic 2021,desktop,8
15 dic 2021,mobile,16
16 dic 2021,mobile,7
16 dic 2021,desktop,18
17 dic 2021,mobile,3
17 dic 2021,desktop,5
18 dic 2021,mobile,2
19 dic 2021,mobile,2
19 dic 2021,desktop,1
20 dic 2021,desktop,8
20 dic 2021,mobile,1
21 dic 2021,desktop,2
21 dic 2021,mobile,14
22 dic 2021,desktop,5
22 dic 2021,mobile,2
23 dic 2021,desktop,2
23 dic 2021,mobile,6
24 dic 2021,mobile,2
24 dic 2021,desktop,1
24 dic 2021,tablet,6
25 dic 2021,mobile,2
25 dic 2021,desktop,1
26 dic 2021,mobile,3
26 dic 2021,desktop,1
26 dic 2021,tablet,2
27 dic 2021,mobile,7
27 dic 2021,desktop,5
28 dic 2021,desktop,2
28 dic 2021,mobile,6
29 dic 2021,mobile,10
30 dic 2021,desktop,2
30 dic 2021,mobile,7
31 dic 2021,mobile,8
31 dic 2021,desktop,2
1 ene 2022,desktop,1
1 ene 2022,mobile,1
2 ene 2022,mobile,4
3 ene 2022,desktop,1
3 ene 2022,mobile,6
4 ene 2022,mobile,15
4 ene 2022,desktop,13
5 ene 2022,desktop,28
5 ene 2022,mobile,8
6 ene 2022,mobile,5
6 ene 2022,desktop,7
7 ene 2022,desktop,2
7 ene 2022,mobile,3
8 ene 2022,mobile,6
8 ene 2022,desktop,2
8 ene 2022,tablet,1
9 ene 2022,desktop,2
9 ene 2022,mobile,6
10 ene 2022,desktop,12
10 ene 2022,mobile,8
11 ene 2022,mobile,9
11 ene 2022,desktop,6
12 ene 2022,mobile,8
12 ene 2022,desktop,3
13 ene 2022,desktop,6
13 ene 2022,mobile,1
14 ene 2022,desktop,4
14 ene 2022,mobile,5
15 ene 2022,mobile,5
15 ene 2022,desktop,1
16 ene 2022,desktop,5
16 ene 2022,mobile,4
17 ene 2022,desktop,4
17 ene 2022,mobile,5
18 ene 2022,mobile,2
18 ene 2022,desktop,5
19 ene 2022,mobile,1
19 ene 2022,desktop,5
20 ene 2022,desktop,7
20 ene 2022,mobile,14
21 ene 2022,desktop,2
21 ene 2022,mobile,2
22 ene 2022,mobile,1
22 ene 2022,desktop,1
23 ene 2022,mobile,1
23 ene 2022,desktop,1
24 ene 2022,mobile,13
24 ene 2022,desktop,2
25 ene 2022,mobile,4
25 ene 2022,desktop,4
23 feb 2022,desktop,6
24 feb 2022,desktop,7
24 feb 2022,mobile,3
25 feb 2022,mobile,4
25 feb 2022,desktop,4
26 feb 2022,mobile,4
27 feb 2022,desktop,1
27 feb 2022,mobile,5
28 feb 2022,mobile,6
28 feb 2022,desktop,9
1 mar 2022,desktop,3
1 mar 2022,mobile,6
2 mar 2022,mobile,4
2 mar 2022,desktop,9
17 mar 2022,desktop,1
26 abr 2022,desktop,11
26 abr 2022,mobile,13
26 may 2022,mobile,125
26 may 2022,desktop,145
27 may 2022,mobile,66
27 may 2022,desktop,53
28 may 2022,mobile,101
28 may 2022,desktop,25
29 may 2022,mobile,66
29 may 2022,desktop,42
30 may 2022,desktop,9
30 may 2022,mobile,11
2 jun 2022,mobile,5
2 jun 2022,desktop,1
3 jun 2022,desktop,3
3 jun 2022,mobile,2
4 jun 2022,desktop,1
4 jun 2022,mobile,4
5 jun 2022,desktop,1
5 jun 2022,mobile,2
7 jun 2022,desktop,3
7 jun 2022,mobile,2
8 jun 2022,desktop,5
8 jun 2022,mobile,7
9 jun 2022,mobile,1
9 jun 2022,desktop,6
10 jun 2022,mobile,4
10 jun 2022,desktop,8
11 jun 2022,mobile,1
12 jun 2022,desktop,1
12 jun 2022,mobile,3
13 jun 2022,desktop,1
13 jun 2022,mobile,1
14 jun 2022,desktop,1
14 jun 2022,mobile,1
15 jun 2022,desktop,4
16 jun 2022,mobile,8
16 jun 2022,desktop,4
17 jun 2022,mobile,3
17 jun 2022,desktop,1
19 jun 2022,mobile,2
20 jun 2022,mobile,1
20 jun 2022,desktop,1
21 jun 2022,mobile,5
21 jun 2022,desktop,4
22 jun 2022,mobile,1
22 jun 2022,desktop,1
23 jun 2022,mobile,2
23 jun 2022,desktop,3
24 jun 2022,mobile,2
26 jun 2022,mobile,1
26 jun 2022,desktop,2
27 jun 2022,mobile,2
27 jun 2022,desktop,1
28 jun 2022,desktop,5
28 jun 2022,mobile,3
29 jun 2022,desktop,3
30 jun 2022,mobile,1
1 jul 2022,mobile,4
1 jul 2022,desktop,2
2 jul 2022,desktop,6
2 jul 2022,mobile,3
3 jul 2022,mobile,1
3 jul 2022,desktop,2
4 jul 2022,mobile,1
4 jul 2022,desktop,1
5 jul 2022,mobile,1
5 jul 2022,desktop,4
6 jul 2022,mobile,4
6 jul 2022,desktop,1
7 jul 2022,desktop,7
7 jul 2022,mobile,2
8 jul 2022,mobile,2
8 jul 2022,desktop,8
9 jul 2022,mobile,3
10 jul 2022,mobile,2
10 ago 2022,desktop,1
26 ago 2022,desktop,3
4 oct 2022,desktop,1
14 mar 2023,desktop,4
19 may 2023,desktop,5
21 may 2023,desktop,1
25 may 2023,desktop,2
26 may 2023,desktop,1
6 jun 2023,desktop,2
13 jun 2023,desktop,3
14 jun 2023,desktop,3
15 jun 2023,desktop,2
16 jun 2023,desktop,39
17 jun 2023,desktop,3
18 jun 2023,desktop,5
18 jun 2023,mobile,1
19 jun 2023,desktop,3
19 jun 2023,mobile,1
20 jun 2023,desktop,2
21 jun 2023,desktop,5
21 jun 2023,mobile,19
3 jul 2023,desktop,1
4 jul 2023,desktop,1